sim_time_sec,abs_time,id,tracks,altitude,latitude,longitude,speed
675,06:11:15,2401,"{""track_001"":{""latitude"":35.059764,""longitude"":129.103713},""track_002"":{""latitude"":35.069933,""longitude"":129.111585}}",200,35.062995,129.098965,40
676,06:11:16,2401,"{""track_001"":{""latitude"":35.059764,""longitude"":129.103713},""track_002"":{""latitude"":35.069933,""longitude"":129.111585}}",200,35.063196,129.09933,40
677,06:11:17,2401,"{""track_001"":{""latitude"":35.059764,""longitude"":129.103713},""track_002"":{""latitude"":35.069933,""longitude"":129.111585}}",200,35.063396,129.099695,40
678,06:11:18,2401,"{""track_001"":{""latitude"":35.059764,""longitude"":129.103713},""track_002"":{""latitude"":35.069933,""longitude"":129.111585}}",200,35.063597,129.100059,40
679,06:11:19,2401,"{""track_001"":{""latitude"":35.059764,""longitude"":129.103713},""track_002"":{""latitude"":35.069933,""longitude"":129.111585}}",200,35.063797,129.100424,40
680,06:11:20,2401,"{""track_001"":{""latitude"":35.059764,""longitude"":129.103713},""track_002"":{""latitude"":35.069933,""longitude"":129.111585}}",200,35.063998,129.100789,40
681,06:11:21,2401,"{""track_001"":{""latitude"":35.059764,""longitude"":129.103713},""track_002"":{""latitude"":35.069933,""longitude"":129.111585}}",200,35.064199,129.101154,40
682,06:11:22,2401,"{""track_001"":{""latitude"":35.059764,""longitude"":129.103713},""track_002"":{""latitude"":35.069933,""longitude"":129.111585}}",200,35.064399,129.101519,40
683,06:11:23,2401,"{""track_001"":{""latitude"":35.059764,""longitude"":129.103713},""track_002"":{""latitude"":35.069933,""longitude"":129.111585}}",200,35.0646,129.101883,40
684,06:11:24,2401,"{""track_001"":{""latitude"":35.059764,""longitude"":129.103713},""track_002"":{""latitude"":35.069933,""longitude"":129.111585}}",200,35.0648,129.102248,40
685,06:11:25,2401,"{""track_001"":{""latitude"":35.059764,""longitude"":129.103713},""track_002"":{""latitude"":35.069933,""longitude"":129.111585}}",200,35.065001,129.102613,40
686,06:11:26,2401,"{""track_001"":{""latitude"":35.059764,""longitude"":129.103713},""track_002"":{""latitude"":35.069933,""longitude"":129.111585}}",200,35.065201,129.102978,40
687,06:11:27,2401,"{""track_001"":{""latitude"":35.059764,""longitude"":129.103713},""track_002"":{""latitude"":35.069933,""longitude"":129.111585}}",200,35.065402,129.103343,40
688,06:11:28,2401,"{""track_001"":{""latitude"":35.059764,""longitude"":129.103713},""track_002"":{""latitude"":35.069933,""longitude"":129.111585}}",200,35.065603,129.103708,40
689,06:11:29,2401,"{""track_001"":{""latitude"":35.059764,""longitude"":129.103713},""track_002"":{""latitude"":35.069933,""longitude"":129.111585}}",200,35.065803,129.104072,40
690,06:11:30,2401,"{""track_001"":{""latitude"":35.059764,""longitude"":129.103713},""track_002"":{""latitude"":35.069933,""longitude"":129.111585}}",200,35.066004,129.104437,40
691,06:11:31,2401,"{""track_001"":{""latitude"":35.059764,""longitude"":129.103713},""track_002"":{""latitude"":35.069933,""longitude"":129.111585}}",200,35.066204,129.104802,40
692,06:11:32,2401,"{""track_001"":{""latitude"":35.059764,""longitude"":129.103713},""track_002"":{""latitude"":35.069933,""longitude"":129.111585}}",200,35.066405,129.105167,40
693,06:11:33,2401,"{""track_001"":{""latitude"":35.059764,""longitude"":129.103713},""track_002"":{""latitude"":35.069933,""longitude"":129.111585}}",200,35.066606,129.105532,40
694,06:11:34,2401,"{""track_001"":{""latitude"":35.059764,""longitude"":129.103713},""track_002"":{""latitude"":35.069933,""longitude"":129.111585}}",200,35.066806,129.105897,40
695,06:11:35,2401,"{""track_001"":{""latitude"":35.059764,""longitude"":129.103713},""track_002"":{""latitude"":35.069933,""longitude"":129.111585}}",200,35.067007,129.106261,40
696,06:11:36,2401,"{""track_001"":{""latitude"":35.059764,""longitude"":129.103713},""track_002"":{""latitude"":35.069933,""longitude"":129.111585}}",200,35.067207,129.106626,40
697,06:11:37,2401,"{""track_001"":{""latitude"":35.059764,""longitude"":129.103713},""track_002"":{""latitude"":35.069933,""longitude"":129.111585}}",200,35.067408,129.106991,40
698,06:11:38,2401,"{""track_001"":{""latitude"":35.059764,""longitude"":129.103713},""track_002"":{""latitude"":35.069933,""longitude"":129.111585}}",200,35.067608,129.107356,40
699,06:11:39,2401,"{""track_001"":{""latitude"":35.059764,""longitude"":129.103713},""track_002"":{""latitude"":35.069933,""longitude"":129.111585}}",200,35.067809,129.107721,40
700,06:11:40,2401,"{""track_001"":{""latitude"":35.059764,""longitude"":129.103713},""track_002"":{""latitude"":35.069933,""longitude"":129.111585}}",200,35.06801,129.108086,40
701,06:11:41,2401,"{""track_001"":{""latitude"":35.059764,""longitude"":129.103713},""track_002"":{""latitude"":35.069933,""longitude"":129.111585}}",200,35.06821,129.108451,40
702,06:11:42,2401,"{""track_001"":{""latitude"":35.059764,""longitude"":129.103713},""track_002"":{""latitude"":35.069933,""longitude"":129.111585}}",200,35.068411,129.108815,40
703,06:11:43,2401,"{""track_001"":{""latitude"":35.059764,""longitude"":129.103713},""track_002"":{""latitude"":35.069933,""longitude"":129.111585}}",200,35.068611,129.10918,40
704,06:11:44,2401,"{""track_001"":{""latitude"":35.059764,""longitude"":129.103713},""track_002"":{""latitude"":35.069933,""longitude"":129.111585}}",200,35.068812,129.109545,40
705,06:11:45,2401,"{""track_001"":{""latitude"":35.059764,""longitude"":129.103713},""track_002"":{""latitude"":35.069933,""longitude"":129.111585}}",200,35.069012,129.10991,40
706,06:11:46,2401,"{""track_001"":{""latitude"":35.059764,""longitude"":129.103713},""track_002"":{""latitude"":35.069933,""longitude"":129.111585}}",200,35.069213,129.110275,40
707,06:11:47,2401,"{""track_001"":{""latitude"":35.059764,""longitude"":129.103713},""track_002"":{""latitude"":35.069933,""longitude"":129.111585}}",200,35.069414,129.11064,40
708,06:11:48,2401,"{""track_001"":{""latitude"":35.059764,""longitude"":129.103713},""track_002"":{""latitude"":35.069933,""longitude"":129.111585}}",200,35.069454,129.110713,40
709,06:11:49,2401,"{""track_001"":{""latitude"":35.059764,""longitude"":129.103713},""track_002"":{""latitude"":35.069933,""longitude"":129.111585}}",200,35.069454,129.110713,40
710,06:11:50,2401,"{""track_001"":{""latitude"":35.059764,""longitude"":129.103713},""track_002"":{""latitude"":35.069933,""longitude"":129.111585}}",200,35.069454,129.110713,40
711,06:11:51,2401,"{""track_001"":{""latitude"":35.059764,""longitude"":129.103713},""track_002"":{""latitude"":35.069933,""longitude"":129.111585}}",200,35.069454,129.110713,40
712,06:11:52,2401,"{""track_001"":{""latitude"":35.059764,""longitude"":129.103713},""track_002"":{""latitude"":35.069933,""longitude"":129.111585}}",200,35.069454,129.110713,40
713,06:11:53,2401,"{""track_001"":{""latitude"":35.059764,""longitude"":129.103713},""track_002"":{""latitude"":35.069933,""longitude"":129.111585}}",200,35.069454,129.110713,40
714,06:11:54,2401,"{""track_001"":{""latitude"":35.059764,""longitude"":129.103713},""track_002"":{""latitude"":35.069933,""longitude"":129.111585}}",200,35.069454,129.110713,40
715,06:11:55,2401,"{""track_001"":{""latitude"":35.059764,""longitude"":129.103713},""track_002"":{""latitude"":35.069933,""longitude"":129.111585}}",200,35.069454,129.110713,40
716,06:11:56,2401,"{""track_001"":{""latitude"":35.059764,""longitude"":129.103713},""track_002"":{""latitude"":35.069933,""longitude"":129.111585}}",200,35.069454,129.110713,40
717,06:11:57,2401,"{""track_001"":{""latitude"":35.059764,""longitude"":129.103713},""track_002"":{""latitude"":35.069933,""longitude"":129.111585}}",200,35.069454,129.110713,40
718,06:11:58,2401,"{""track_001"":{""latitude"":35.059764,""longitude"":129.103713},""track_002"":{""latitude"":35.069933,""longitude"":129.111585}}",200,35.069454,129.110713,40
719,06:11:59,2401,"{""track_001"":{""latitude"":35.059764,""longitude"":129.103713},""track_002"":{""latitude"":35.069933,""longitude"":129.111585}}",200,35.069454,129.110713,40
720,06:12:00,2401,"{""track_001"":{""latitude"":35.059764,""longitude"":129.103713},""track_002"":{""latitude"":35.069933,""longitude"":129.111585}}",200,35.069454,129.110713,40
721,06:12:01,2401,"{""track_001"":{""latitude"":35.059764,""longitude"":129.103713},""track_002"":{""latitude"":35.069933,""longitude"":129.111585}}",200,35.069454,129.110713,40
722,06:12:02,2401,"{""track_001"":{""latitude"":35.059764,""longitude"":129.103713},""track_002"":{""latitude"":35.069933,""longitude"":129.111585}}",200,35.069454,129.110713,40
723,06:12:03,2401,"{""track_001"":{""latitude"":35.059764,""longitude"":129.103713},""track_002"":{""latitude"":35.069933,""longitude"":129.111585}}",200,35.069454,129.110713,40
724,06:12:04,2401,"{""track_001"":{""latitude"":35.059764,""longitude"":129.103713},""track_002"":{""latitude"":35.069933,""longitude"":129.111585}}",200,35.069454,129.110713,40
725,06:12:05,2401,"{""track_001"":{""latitude"":35.059764,""longitude"":129.103713},""track_002"":{""latitude"":35.069933,""longitude"":129.111585}}",200,35.069454,129.110713,40
726,06:12:06,2401,"{""track_001"":{""latitude"":35.059764,""longitude"":129.103713},""track_002"":{""latitude"":35.069933,""longitude"":129.111585}}",200,35.069454,129.110713,40
727,06:12:07,2401,"{""track_001"":{""latitude"":35.059764,""longitude"":129.103713},""track_002"":{""latitude"":35.069933,""longitude"":129.111585}}",200,35.069454,129.110713,40
728,06:12:08,2401,"{""track_001"":{""latitude"":35.059764,""longitude"":129.103713},""track_002"":{""latitude"":35.069933,""longitude"":129.111585}}",200,35.069454,129.110713,40
729,06:12:09,2401,"{""track_001"":{""latitude"":35.059764,""longitude"":129.103713},""track_002"":{""latitude"":35.069933,""longitude"":129.111585}}",200,35.069454,129.110713,40
730,06:12:10,2401,"{""track_001"":{""latitude"":35.059764,""longitude"":129.103713},""track_002"":{""latitude"":35.069933,""longitude"":129.111585}}",200,35.069454,129.110713,40
731,06:12:11,2401,"{""track_001"":{""latitude"":35.059764,""longitude"":129.103713},""track_002"":{""latitude"":35.069933,""longitude"":129.111585}}",200,35.069454,129.110713,40
732,06:12:12,2401,"{""track_001"":{""latitude"":35.059764,""longitude"":129.103713},""track_002"":{""latitude"":35.069933,""longitude"":129.111585}}",200,35.069454,129.110713,40
733,06:12:13,2401,"{""track_001"":{""latitude"":35.059764,""longitude"":129.103713},""track_002"":{""latitude"":35.069933,""longitude"":129.111585}}",200,35.069454,129.110713,40
734,06:12:14,2401,"{""track_001"":{""latitude"":35.059764,""longitude"":129.103713},""track_002"":{""latitude"":35.069933,""longitude"":129.111585}}",200,35.069454,129.110713,40
735,06:12:15,2401,"{""track_001"":{""latitude"":35.059764,""longitude"":129.103713},""track_002"":{""latitude"":35.069933,""longitude"":129.111585}}",200,35.069454,129.110713,40
736,06:12:16,2401,"{""track_001"":{""latitude"":35.059764,""longitude"":129.103713},""track_002"":{""latitude"":35.069933,""longitude"":129.111585}}",200,35.069454,129.110713,40
737,06:12:17,2401,"{""track_001"":{""latitude"":35.059764,""longitude"":129.103713},""track_002"":{""latitude"":35.069933,""longitude"":129.111585}}",200,35.069454,129.110713,40
738,06:12:18,2401,"{""track_001"":{""latitude"":35.059764,""longitude"":129.103713},""track_002"":{""latitude"":35.069933,""longitude"":129.111585}}",200,35.069454,129.110713,40
739,06:12:19,2401,"{""track_001"":{""latitude"":35.059764,""longitude"":129.103713},""track_002"":{""latitude"":35.069933,""longitude"":129.111585}}",200,35.069454,129.110713,40
740,06:12:20,2401,"{""track_001"":{""latitude"":35.059764,""longitude"":129.103713},""track_002"":{""latitude"":35.069933,""longitude"":129.111585}}",200,35.069454,129.110713,40
741,06:12:21,2401,"{""track_001"":{""latitude"":35.059764,""longitude"":129.103713},""track_002"":{""latitude"":35.069933,""longitude"":129.111585}}",200,35.069454,129.110713,40
742,06:12:22,2401,"{""track_001"":{""latitude"":35.059764,""longitude"":129.103713},""track_002"":{""latitude"":35.069933,""longitude"":129.111585}}",200,35.069454,129.110713,40
743,06:12:23,2401,"{""track_001"":{""latitude"":35.059764,""longitude"":129.103713},""track_002"":{""latitude"":35.069933,""longitude"":129.111585}}",200,35.069454,129.110713,40
744,06:12:24,2401,"{""track_001"":{""latitude"":35.059764,""longitude"":129.103713},""track_002"":{""latitude"":35.069933,""longitude"":129.111585}}",200,35.069454,129.110713,40
745,06:12:25,2401,"{""track_001"":{""latitude"":35.059764,""longitude"":129.103713},""track_002"":{""latitude"":35.069933,""longitude"":129.111585}}",200,35.069454,129.110713,40
746,06:12:26,2401,"{""track_001"":{""latitude"":35.059764,""longitude"":129.103713},""track_002"":{""latitude"":35.069933,""longitude"":129.111585}}",200,35.069454,129.110713,40
747,06:12:27,2401,"{""track_001"":{""latitude"":35.059764,""longitude"":129.103713},""track_002"":{""latitude"":35.069933,""longitude"":129.111585}}",200,35.069454,129.110713,40
748,06:12:28,2401,"{""track_001"":{""latitude"":35.059764,""longitude"":129.103713},""track_002"":{""latitude"":35.069933,""longitude"":129.111585}}",200,35.069454,129.110713,40
749,06:12:29,2401,"{""track_001"":{""latitude"":35.059764,""longitude"":129.103713},""track_002"":{""latitude"":35.069933,""longitude"":129.111585}}",200,35.069454,129.110713,40
750,06:12:30,2401,"{""track_001"":{""latitude"":35.059764,""longitude"":129.103713},""track_002"":{""latitude"":35.069933,""longitude"":129.111585}}",200,35.069454,129.110713,40
751,06:12:31,2401,"{""track_001"":{""latitude"":35.059764,""longitude"":129.103713},""track_002"":{""latitude"":35.069933,""longitude"":129.111585}}",200,35.069454,129.110713,40
752,06:12:32,2401,"{""track_001"":{""latitude"":35.059764,""longitude"":129.103713},""track_002"":{""latitude"":35.069933,""longitude"":129.111585}}",200,35.069454,129.110713,40
753,06:12:33,2401,"{""track_001"":{""latitude"":35.059764,""longitude"":129.103713},""track_002"":{""latitude"":35.069933,""longitude"":129.111585}}",200,35.069454,129.110713,40
754,06:12:34,2401,"{""track_001"":{""latitude"":35.059764,""longitude"":129.103713},""track_002"":{""latitude"":35.069933,""longitude"":129.111585}}",200,35.069454,129.110713,40
755,06:12:35,2401,"{""track_001"":{""latitude"":35.059764,""longitude"":129.103713},""track_002"":{""latitude"":35.069933,""longitude"":129.111585}}",200,35.069454,129.110713,40
756,06:12:36,2401,"{""track_001"":{""latitude"":35.059764,""longitude"":129.103713},""track_002"":{""latitude"":35.069933,""longitude"":129.111585}}",200,35.069454,129.110713,40
757,06:12:37,2401,"{""track_001"":{""latitude"":35.059764,""longitude"":129.103713},""track_002"":{""latitude"":35.069933,""longitude"":129.111585}}",200,35.069454,129.110713,40
758,06:12:38,2401,"{""track_001"":{""latitude"":35.059764,""longitude"":129.103713},""track_002"":{""latitude"":35.069933,""longitude"":129.111585}}",200,35.069454,129.110713,40
759,06:12:39,2401,"{""track_001"":{""latitude"":35.059764,""longitude"":129.103713},""track_002"":{""latitude"":35.069933,""longitude"":129.111585}}",200,35.069454,129.110713,40
760,06:12:40,2401,"{""track_001"":{""latitude"":35.059764,""longitude"":129.103713},""track_002"":{""latitude"":35.069933,""longitude"":129.111585}}",200,35.069454,129.110713,40
761,06:12:41,2401,"{""track_001"":{""latitude"":35.059764,""longitude"":129.103713},""track_002"":{""latitude"":35.069933,""longitude"":129.111585}}",200,35.069454,129.110713,40
762,06:12:42,2401,"{""track_001"":{""latitude"":35.059764,""longitude"":129.103713},""track_002"":{""latitude"":35.069933,""longitude"":129.111585}}",200,35.069454,129.110713,40
763,06:12:43,2401,"{""track_001"":{""latitude"":35.059764,""longitude"":129.103713},""track_002"":{""latitude"":35.069933,""longitude"":129.111585}}",200,35.069454,129.110713,40
764,06:12:44,2401,"{""track_001"":{""latitude"":35.059764,""longitude"":129.103713},""track_002"":{""latitude"":35.069933,""longitude"":129.111585}}",200,35.069454,129.110713,40
765,06:12:45,2401,"{""track_001"":{""latitude"":35.059764,""longitude"":129.103713},""track_002"":{""latitude"":35.069933,""longitude"":129.111585}}",200,35.069454,129.110713,40
766,06:12:46,2401,"{""track_001"":{""latitude"":35.059764,""longitude"":129.103713},""track_002"":{""latitude"":35.069933,""longitude"":129.111585}}",200,35.069454,129.110713,40
767,06:12:47,2401,"{""track_001"":{""latitude"":35.059764,""longitude"":129.103713},""track_002"":{""latitude"":35.069933,""longitude"":129.111585}}",200,35.069454,129.110713,40
768,06:12:48,2401,"{""track_001"":{""latitude"":35.059764,""longitude"":129.103713},""track_002"":{""latitude"":35.069933,""longitude"":129.111585}}",200,35.069454,129.110713,40
769,06:12:49,2401,"{""track_001"":{""latitude"":35.059764,""longitude"":129.103713},""track_002"":{""latitude"":35.069933,""longitude"":129.111585}}",200,35.069454,129.110713,40
770,06:12:50,2401,"{""track_001"":{""latitude"":35.059764,""longitude"":129.103713},""track_002"":{""latitude"":35.069933,""longitude"":129.111585}}",200,35.069454,129.110713,40
771,06:12:51,2401,"{""track_001"":{""latitude"":35.059764,""longitude"":129.103713},""track_002"":{""latitude"":35.069933,""longitude"":129.111585}}",200,35.069454,129.110713,40
772,06:12:52,2401,"{""track_001"":{""latitude"":35.059764,""longitude"":129.103713},""track_002"":{""latitude"":35.069933,""longitude"":129.111585}}",200,35.069454,129.110713,40
773,06:12:53,2401,"{""track_001"":{""latitude"":35.059764,""longitude"":129.103713},""track_002"":{""latitude"":35.069933,""longitude"":129.111585}}",200,35.069454,129.110713,40
774,06:12:54,2401,"{""track_001"":{""latitude"":35.059764,""longitude"":129.103713},""track_002"":{""latitude"":35.069933,""longitude"":129.111585}}",200,35.069454,129.110713,40
775,06:12:55,2401,"{""track_001"":{""latitude"":35.059764,""longitude"":129.103713},""track_002"":{""latitude"":35.069933,""longitude"":129.111585}}",200,35.069454,129.110713,40
776,06:12:56,2401,"{""track_001"":{""latitude"":35.059764,""longitude"":129.103713},""track_002"":{""latitude"":35.069933,""longitude"":129.111585}}",200,35.069454,129.110713,40
777,06:12:57,2401,"{""track_001"":{""latitude"":35.059764,""longitude"":129.103713},""track_002"":{""latitude"":35.069933,""longitude"":129.111585}}",200,35.069454,129.110713,40
778,06:12:58,2401,"{""track_001"":{""latitude"":35.059764,""longitude"":129.103713},""track_002"":{""latitude"":35.069933,""longitude"":129.111585}}",200,35.069454,129.110713,40
779,06:12:59,2401,"{""track_001"":{""latitude"":35.059764,""longitude"":129.103713},""track_002"":{""latitude"":35.069933,""longitude"":129.111585}}",200,35.069454,129.110713,40
780,06:13:00,2401,"{""track_001"":{""latitude"":35.059764,""longitude"":129.103713},""track_002"":{""latitude"":35.069933,""longitude"":129.111585}}",200,35.069454,129.110713,40
781,06:13:01,2401,"{""track_001"":{""latitude"":35.059764,""longitude"":129.103713},""track_002"":{""latitude"":35.069933,""longitude"":129.111585}}",200,35.069454,129.110713,40
782,06:13:02,2401,"{""track_001"":{""latitude"":35.059764,""longitude"":129.103713},""track_002"":{""latitude"":35.069933,""longitude"":129.111585}}",200,35.069454,129.110713,40
783,06:13:03,2401,"{""track_001"":{""latitude"":35.059764,""longitude"":129.103713},""track_002"":{""latitude"":35.069933,""longitude"":129.111585}}",200,35.069454,129.110713,40
784,06:13:04,2401,"{""track_001"":{""latitude"":35.059764,""longitude"":129.103713},""track_002"":{""latitude"":35.069933,""longitude"":129.111585}}",200,35.069454,129.110713,40
785,06:13:05,2401,"{""track_001"":{""latitude"":35.059764,""longitude"":129.103713},""track_002"":{""latitude"":35.069933,""longitude"":129.111585}}",200,35.069454,129.110713,40
786,06:13:06,2401,"{""track_001"":{""latitude"":35.059764,""longitude"":129.103713},""track_002"":{""latitude"":35.069933,""longitude"":129.111585}}",200,35.069454,129.110713,40
787,06:13:07,2401,"{""track_001"":{""latitude"":35.059764,""longitude"":129.103713},""track_002"":{""latitude"":35.069933,""longitude"":129.111585}}",200,35.069454,129.110713,40
788,06:13:08,2401,"{""track_001"":{""latitude"":35.059764,""longitude"":129.103713},""track_002"":{""latitude"":35.069933,""longitude"":129.111585}}",200,35.069454,129.110713,40
789,06:13:09,2401,"{""track_001"":{""latitude"":35.059764,""longitude"":129.103713},""track_002"":{""latitude"":35.069933,""longitude"":129.111585}}",200,35.069454,129.110713,40
790,06:13:10,2401,"{""track_001"":{""latitude"":35.059764,""longitude"":129.103713},""track_002"":{""latitude"":35.069933,""longitude"":129.111585}}",200,35.069454,129.110713,40
791,06:13:11,2401,"{""track_001"":{""latitude"":35.059764,""longitude"":129.103713},""track_002"":{""latitude"":35.069933,""longitude"":129.111585}}",200,35.069454,129.110713,40
792,06:13:12,2401,"{""track_001"":{""latitude"":35.059764,""longitude"":129.103713},""track_002"":{""latitude"":35.069933,""longitude"":129.111585}}",200,35.069454,129.110713,40
793,06:13:13,2401,"{""track_001"":{""latitude"":35.059764,""longitude"":129.103713},""track_002"":{""latitude"":35.069933,""longitude"":129.111585}}",200,35.069454,129.110713,40
794,06:13:14,2401,"{""track_001"":{""latitude"":35.059764,""longitude"":129.103713},""track_002"":{""latitude"":35.069933,""longitude"":129.111585}}",200,35.069454,129.110713,40
795,06:13:15,2401,"{""track_001"":{""latitude"":35.059764,""longitude"":129.103713},""track_002"":{""latitude"":35.069933,""longitude"":129.111585}}",200,35.069454,129.110713,40
796,06:13:16,2401,"{""track_001"":{""latitude"":35.059764,""longitude"":129.103713},""track_002"":{""latitude"":35.069933,""longitude"":129.111585}}",200,35.069454,129.110713,40
797,06:13:17,2401,"{""track_001"":{""latitude"":35.059764,""longitude"":129.103713},""track_002"":{""latitude"":35.069933,""longitude"":129.111585}}",200,35.069454,129.110713,40
798,06:13:18,2401,"{""track_001"":{""latitude"":35.059764,""longitude"":129.103713},""track_002"":{""latitude"":35.069933,""longitude"":129.111585}}",200,35.069454,129.110713,40
799,06:13:19,2401,"{""track_001"":{""latitude"":35.059764,""longitude"":129.103713},""track_002"":{""latitude"":35.069933,""longitude"":129.111585}}",200,35.069454,129.110713,40
800,06:13:20,2401,"{""track_001"":{""latitude"":35.059764,""longitude"":129.103713},""track_002"":{""latitude"":35.069933,""longitude"":129.111585}}",200,35.069454,129.110713,40
801,06:13:21,2401,"{""track_001"":{""latitude"":35.059764,""longitude"":129.103713},""track_002"":{""latitude"":35.069933,""longitude"":129.111585}}",200,35.069454,129.110713,40
802,06:13:22,2401,"{""track_001"":{""latitude"":35.059764,""longitude"":129.103713},""track_002"":{""latitude"":35.069933,""longitude"":129.111585}}",200,35.069454,129.110713,40
803,06:13:23,2401,"{""track_001"":{""latitude"":35.059764,""longitude"":129.103713},""track_002"":{""latitude"":35.069933,""longitude"":129.111585}}",200,35.069454,129.110713,40
804,06:13:24,2401,"{""track_001"":{""latitude"":35.059764,""longitude"":129.103713},""track_002"":{""latitude"":35.069933,""longitude"":129.111585}}",200,35.069454,129.110713,40
805,06:13:25,2401,"{""track_001"":{""latitude"":35.059764,""longitude"":129.103713},""track_002"":{""latitude"":35.069933,""longitude"":129.111585}}",200,35.069454,129.110713,40
806,06:13:26,2401,"{""track_001"":{""latitude"":35.059764,""longitude"":129.103713},""track_002"":{""latitude"":35.069933,""longitude"":129.111585}}",200,35.069454,129.110713,40
807,06:13:27,2401,"{""track_001"":{""latitude"":35.059764,""longitude"":129.103713},""track_002"":{""latitude"":35.069933,""longitude"":129.111585}}",200,35.069454,129.110713,40
808,06:13:28,2401,"{""track_001"":{""latitude"":35.059764,""longitude"":129.103713},""track_002"":{""latitude"":35.069933,""longitude"":129.111585}}",200,35.069454,129.110713,40
809,06:13:29,2401,"{""track_001"":{""latitude"":35.059764,""longitude"":129.103713},""track_002"":{""latitude"":35.069933,""longitude"":129.111585}}",200,35.069454,129.110713,40
810,06:13:30,2401,"{""track_001"":{""latitude"":35.059764,""longitude"":129.103713},""track_002"":{""latitude"":35.069933,""longitude"":129.111585}}",200,35.069454,129.110713,40
811,06:13:31,2401,"{""track_001"":{""latitude"":35.059764,""longitude"":129.103713},""track_002"":{""latitude"":35.069933,""longitude"":129.111585}}",200,35.069454,129.110713,40
812,06:13:32,2401,"{""track_001"":{""latitude"":35.059764,""longitude"":129.103713},""track_002"":{""latitude"":35.069933,""longitude"":129.111585}}",200,35.069454,129.110713,40
813,06:13:33,2401,"{""track_001"":{""latitude"":35.059764,""longitude"":129.103713},""track_002"":{""latitude"":35.069933,""longitude"":129.111585}}",200,35.069454,129.110713,40
814,06:13:34,2401,"{""track_001"":{""latitude"":35.059764,""longitude"":129.103713},""track_002"":{""latitude"":35.069933,""longitude"":129.111585}}",200,35.069454,129.110713,40
815,06:13:35,2401,"{""track_001"":{""latitude"":35.059764,""longitude"":129.103713},""track_002"":{""latitude"":35.069933,""longitude"":129.111585}}",200,35.069454,129.110713,40
816,06:13:36,2401,"{""track_001"":{""latitude"":35.059764,""longitude"":129.103713},""track_002"":{""latitude"":35.069933,""longitude"":129.111585}}",200,35.069454,129.110713,40
817,06:13:37,2401,"{""track_001"":{""latitude"":35.059764,""longitude"":129.103713},""track_002"":{""latitude"":35.069933,""longitude"":129.111585}}",200,35.069454,129.110713,40
818,06:13:38,2401,"{""track_001"":{""latitude"":35.059764,""longitude"":129.103713},""track_002"":{""latitude"":35.069933,""longitude"":129.111585}}",200,35.069454,129.110713,40
819,06:13:39,2401,"{""track_001"":{""latitude"":35.059764,""longitude"":129.103713},""track_002"":{""latitude"":35.069933,""longitude"":129.111585}}",200,35.069454,129.110713,40
820,06:13:40,2401,"{""track_001"":{""latitude"":35.059764,""longitude"":129.103713},""track_002"":{""latitude"":35.069933,""longitude"":129.111585}}",200,35.069454,129.110713,40
821,06:13:41,2401,"{""track_001"":{""latitude"":35.059764,""longitude"":129.103713},""track_002"":{""latitude"":35.069933,""longitude"":129.111585}}",200,35.069454,129.110713,40
822,06:13:42,2401,"{""track_001"":{""latitude"":35.059764,""longitude"":129.103713},""track_002"":{""latitude"":35.069933,""longitude"":129.111585}}",200,35.069454,129.110713,40
823,06:13:43,2401,"{""track_001"":{""latitude"":35.059764,""longitude"":129.103713},""track_002"":{""latitude"":35.069933,""longitude"":129.111585}}",200,35.069454,129.110713,40
824,06:13:44,2401,"{""track_001"":{""latitude"":35.059764,""longitude"":129.103713},""track_002"":{""latitude"":35.069933,""longitude"":129.111585}}",200,35.069454,129.110713,40
825,06:13:45,2401,"{""track_001"":{""latitude"":35.059764,""longitude"":129.103713},""track_002"":{""latitude"":35.069933,""longitude"":129.111585}}",200,35.069454,129.110713,40
826,06:13:46,2401,"{""track_001"":{""latitude"":35.059764,""longitude"":129.103713},""track_002"":{""latitude"":35.069933,""longitude"":129.111585}}",200,35.069454,129.110713,40
827,06:13:47,2401,"{""track_001"":{""latitude"":35.059764,""longitude"":129.103713},""track_002"":{""latitude"":35.069933,""longitude"":129.111585}}",200,35.069454,129.110713,40
828,06:13:48,2401,"{""track_001"":{""latitude"":35.059764,""longitude"":129.103713},""track_002"":{""latitude"":35.069933,""longitude"":129.111585}}",200,35.069454,129.110713,40
829,06:13:49,2401,"{""track_001"":{""latitude"":35.059764,""longitude"":129.103713},""track_002"":{""latitude"":35.069933,""longitude"":129.111585}}",200,35.069454,129.110713,40
830,06:13:50,2401,"{""track_001"":{""latitude"":35.059764,""longitude"":129.103713},""track_002"":{""latitude"":35.069933,""longitude"":129.111585}}",200,35.069454,129.110713,40
831,06:13:51,2401,"{""track_001"":{""latitude"":35.059764,""longitude"":129.103713},""track_002"":{""latitude"":35.069933,""longitude"":129.111585}}",200,35.069454,129.110713,40
832,06:13:52,2401,"{""track_001"":{""latitude"":35.059764,""longitude"":129.103713},""track_002"":{""latitude"":35.069933,""longitude"":129.111585}}",200,35.069454,129.110713,40
833,06:13:53,2401,"{""track_001"":{""latitude"":35.059764,""longitude"":129.103713},""track_002"":{""latitude"":35.069933,""longitude"":129.111585}}",200,35.069454,129.110713,40
834,06:13:54,2401,"{""track_001"":{""latitude"":35.059764,""longitude"":129.103713},""track_002"":{""latitude"":35.069933,""longitude"":129.111585}}",200,35.069454,129.110713,40
835,06:13:55,2401,"{""track_001"":{""latitude"":35.059764,""longitude"":129.103713},""track_002"":{""latitude"":35.069933,""longitude"":129.111585}}",200,35.069454,129.110713,40
836,06:13:56,2401,"{""track_001"":{""latitude"":35.059764,""longitude"":129.103713},""track_002"":{""latitude"":35.069933,""longitude"":129.111585}}",200,35.069454,129.110713,40
837,06:13:57,2401,"{""track_001"":{""latitude"":35.059764,""longitude"":129.103713},""track_002"":{""latitude"":35.069933,""longitude"":129.111585}}",200,35.069454,129.110713,40
838,06:13:58,2401,"{""track_001"":{""latitude"":35.059764,""longitude"":129.103713},""track_002"":{""latitude"":35.069933,""longitude"":129.111585}}",200,35.069454,129.110713,40
839,06:13:59,2401,"{""track_001"":{""latitude"":35.059764,""longitude"":129.103713},""track_002"":{""latitude"":35.069933,""longitude"":129.111585}}",200,35.069454,129.110713,40
840,06:14:00,2401,"{""track_001"":{""latitude"":35.059764,""longitude"":129.103713},""track_002"":{""latitude"":35.069933,""longitude"":129.111585}}",200,35.069454,129.110713,40
841,06:14:01,2401,"{""track_001"":{""latitude"":35.059764,""longitude"":129.103713},""track_002"":{""latitude"":35.069933,""longitude"":129.111585}}",200,35.069454,129.110713,40
842,06:14:02,2401,"{""track_001"":{""latitude"":35.059764,""longitude"":129.103713},""track_002"":{""latitude"":35.069933,""longitude"":129.111585}}",200,35.069454,129.110713,40
843,06:14:03,2401,"{""track_001"":{""latitude"":35.059764,""longitude"":129.103713},""track_002"":{""latitude"":35.069933,""longitude"":129.111585}}",200,35.069454,129.110713,40
844,06:14:04,2401,"{""track_001"":{""latitude"":35.059764,""longitude"":129.103713},""track_002"":{""latitude"":35.069933,""longitude"":129.111585}}",200,35.069454,129.110713,40
845,06:14:05,2401,"{""track_001"":{""latitude"":35.059764,""longitude"":129.103713},""track_002"":{""latitude"":35.069933,""longitude"":129.111585}}",200,35.069454,129.110713,40
846,06:14:06,2401,"{""track_001"":{""latitude"":35.059764,""longitude"":129.103713},""track_002"":{""latitude"":35.069933,""longitude"":129.111585}}",200,35.069454,129.110713,40
847,06:14:07,2401,"{""track_001"":{""latitude"":35.059764,""longitude"":129.103713},""track_002"":{""latitude"":35.069933,""longitude"":129.111585}}",200,35.069454,129.110713,40
848,06:14:08,2401,"{""track_001"":{""latitude"":35.059764,""longitude"":129.103713},""track_002"":{""latitude"":35.069933,""longitude"":129.111585}}",200,35.069454,129.110713,40
849,06:14:09,2401,"{""track_001"":{""latitude"":35.059764,""longitude"":129.103713},""track_002"":{""latitude"":35.069933,""longitude"":129.111585}}",200,35.069454,129.110713,40
850,06:14:10,2401,"{""track_001"":{""latitude"":35.059764,""longitude"":129.103713},""track_002"":{""latitude"":35.069933,""longitude"":129.111585}}",200,35.069454,129.110713,40
851,06:14:11,2401,"{""track_001"":{""latitude"":35.059764,""longitude"":129.103713},""track_002"":{""latitude"":35.069933,""longitude"":129.111585}}",200,35.069454,129.110713,40
852,06:14:12,2401,"{""track_001"":{""latitude"":35.059764,""longitude"":129.103713},""track_002"":{""latitude"":35.069933,""longitude"":129.111585}}",200,35.069454,129.110713,40
853,06:14:13,2401,"{""track_001"":{""latitude"":35.059764,""longitude"":129.103713},""track_002"":{""latitude"":35.069933,""longitude"":129.111585}}",200,35.069454,129.110713,40
854,06:14:14,2401,"{""track_001"":{""latitude"":35.059764,""longitude"":129.103713},""track_002"":{""latitude"":35.069933,""longitude"":129.111585}}",200,35.069454,129.110713,40
855,06:14:15,2401,"{""track_001"":{""latitude"":35.059764,""longitude"":129.103713},""track_002"":{""latitude"":35.069933,""longitude"":129.111585}}",200,35.069454,129.110713,40
856,06:14:16,2401,"{""track_001"":{""latitude"":35.059764,""longitude"":129.103713},""track_002"":{""latitude"":35.069933,""longitude"":129.111585}}",200,35.069454,129.110713,40
857,06:14:17,2401,"{""track_001"":{""latitude"":35.059764,""longitude"":129.103713},""track_002"":{""latitude"":35.069933,""longitude"":129.111585}}",200,35.069454,129.110713,40
858,06:14:18,2401,"{""track_001"":{""latitude"":35.059764,""longitude"":129.103713},""track_002"":{""latitude"":35.069933,""longitude"":129.111585}}",200,35.069454,129.110713,40
859,06:14:19,2401,"{""track_001"":{""latitude"":35.059764,""longitude"":129.103713},""track_002"":{""latitude"":35.069933,""longitude"":129.111585}}",200,35.069454,129.110713,40
860,06:14:20,2401,"{""track_001"":{""latitude"":35.059764,""longitude"":129.103713},""track_002"":{""latitude"":35.069933,""longitude"":129.111585}}",200,35.069454,129.110713,40
861,06:14:21,2401,"{""track_001"":{""latitude"":35.059764,""longitude"":129.103713},""track_002"":{""latitude"":35.069933,""longitude"":129.111585}}",200,35.069454,129.110713,40
862,06:14:22,2401,"{""track_001"":{""latitude"":35.059764,""longitude"":129.103713},""track_002"":{""latitude"":35.069933,""longitude"":129.111585}}",200,35.069454,129.110713,40
863,06:14:23,2401,"{""track_001"":{""latitude"":35.059764,""longitude"":129.103713},""track_002"":{""latitude"":35.069933,""longitude"":129.111585}}",200,35.069454,129.110713,40
864,06:14:24,2401,"{""track_001"":{""latitude"":35.059764,""longitude"":129.103713},""track_002"":{""latitude"":35.069933,""longitude"":129.111585}}",200,35.069454,129.110713,40
865,06:14:25,2401,"{""track_001"":{""latitude"":35.059764,""longitude"":129.103713},""track_002"":{""latitude"":35.069933,""longitude"":129.111585}}",200,35.069454,129.110713,40
866,06:14:26,2401,"{""track_001"":{""latitude"":35.059764,""longitude"":129.103713},""track_002"":{""latitude"":35.069933,""longitude"":129.111585}}",200,35.069454,129.110713,40
867,06:14:27,2401,"{""track_001"":{""latitude"":35.059764,""longitude"":129.103713},""track_002"":{""latitude"":35.069933,""longitude"":129.111585}}",200,35.069454,129.110713,40
868,06:14:28,2401,"{""track_001"":{""latitude"":35.059764,""longitude"":129.103713},""track_002"":{""latitude"":35.069933,""longitude"":129.111585}}",200,35.069454,129.110713,40
869,06:14:29,2401,"{""track_001"":{""latitude"":35.059764,""longitude"":129.103713},""track_002"":{""latitude"":35.069933,""longitude"":129.111585}}",200,35.069454,129.110713,40
870,06:14:30,2401,"{""track_001"":{""latitude"":35.059764,""longitude"":129.103713},""track_002"":{""latitude"":35.069933,""longitude"":129.111585}}",200,35.069454,129.110713,40
871,06:14:31,2401,"{""track_001"":{""latitude"":35.059764,""longitude"":129.103713},""track_002"":{""latitude"":35.069933,""longitude"":129.111585}}",200,35.069454,129.110713,40
872,06:14:32,2401,"{""track_001"":{""latitude"":35.059764,""longitude"":129.103713},""track_002"":{""latitude"":35.069933,""longitude"":129.111585}}",200,35.069454,129.110713,40
873,06:14:33,2401,"{""track_001"":{""latitude"":35.059764,""longitude"":129.103713},""track_002"":{""latitude"":35.069933,""longitude"":129.111585}}",200,35.069454,129.110713,40
874,06:14:34,2401,"{""track_001"":{""latitude"":35.059764,""longitude"":129.103713},""track_002"":{""latitude"":35.069933,""longitude"":129.111585}}",200,35.069454,129.110713,40
875,06:14:35,2401,"{""track_001"":{""latitude"":35.059764,""longitude"":129.103713},""track_002"":{""latitude"":35.069933,""longitude"":129.111585}}",200,35.069454,129.110713,40
876,06:14:36,2401,"{""track_001"":{""latitude"":35.059764,""longitude"":129.103713},""track_002"":{""latitude"":35.069933,""longitude"":129.111585}}",200,35.069454,129.110713,40
877,06:14:37,2401,"{""track_001"":{""latitude"":35.059764,""longitude"":129.103713},""track_002"":{""latitude"":35.069933,""longitude"":129.111585}}",200,35.069454,129.110713,40
878,06:14:38,2401,"{""track_001"":{""latitude"":35.059764,""longitude"":129.103713},""track_002"":{""latitude"":35.069933,""longitude"":129.111585}}",200,35.069454,129.110713,40
879,06:14:39,2401,"{""track_001"":{""latitude"":35.059764,""longitude"":129.103713},""track_002"":{""latitude"":35.069933,""longitude"":129.111585}}",200,35.069454,129.110713,40
880,06:14:40,2401,"{""track_001"":{""latitude"":35.059764,""longitude"":129.103713},""track_002"":{""latitude"":35.069933,""longitude"":129.111585}}",200,35.069454,129.110713,40
881,06:14:41,2401,"{""track_001"":{""latitude"":35.059764,""longitude"":129.103713},""track_002"":{""latitude"":35.069933,""longitude"":129.111585}}",200,35.069454,129.110713,40
882,06:14:42,2401,"{""track_001"":{""latitude"":35.059764,""longitude"":129.103713},""track_002"":{""latitude"":35.069933,""longitude"":129.111585}}",200,35.069454,129.110713,40
883,06:14:43,2401,"{""track_001"":{""latitude"":35.059764,""longitude"":129.103713},""track_002"":{""latitude"":35.069933,""longitude"":129.111585}}",200,35.069454,129.110713,40
884,06:14:44,2401,"{""track_001"":{""latitude"":35.059764,""longitude"":129.103713},""track_002"":{""latitude"":35.069933,""longitude"":129.111585}}",200,35.069454,129.110713,40
885,06:14:45,2401,"{""track_001"":{""latitude"":35.059764,""longitude"":129.103713},""track_002"":{""latitude"":35.069933,""longitude"":129.111585}}",200,35.069454,129.110713,40
886,06:14:46,2401,"{""track_001"":{""latitude"":35.059764,""longitude"":129.103713},""track_002"":{""latitude"":35.069933,""longitude"":129.111585}}",200,35.069454,129.110713,40
887,06:14:47,2401,"{""track_001"":{""latitude"":35.059764,""longitude"":129.103713},""track_002"":{""latitude"":35.069933,""longitude"":129.111585}}",200,35.069454,129.110713,40
888,06:14:48,2401,"{""track_001"":{""latitude"":35.059764,""longitude"":129.103713},""track_002"":{""latitude"":35.069933,""longitude"":129.111585}}",200,35.069454,129.110713,40
889,06:14:49,2401,"{""track_001"":{""latitude"":35.059764,""longitude"":129.103713},""track_002"":{""latitude"":35.069933,""longitude"":129.111585}}",200,35.069454,129.110713,40
890,06:14:50,2401,"{""track_001"":{""latitude"":35.059764,""longitude"":129.103713},""track_002"":{""latitude"":35.069933,""longitude"":129.111585}}",200,35.069454,129.110713,40
891,06:14:51,2401,"{""track_001"":{""latitude"":35.059764,""longitude"":129.103713},""track_002"":{""latitude"":35.069933,""longitude"":129.111585}}",200,35.069454,129.110713,40
892,06:14:52,2401,"{""track_001"":{""latitude"":35.059764,""longitude"":129.103713},""track_002"":{""latitude"":35.069933,""longitude"":129.111585}}",200,35.069454,129.110713,40
893,06:14:53,2401,"{""track_001"":{""latitude"":35.059764,""longitude"":129.103713},""track_002"":{""latitude"":35.069933,""longitude"":129.111585}}",200,35.069454,129.110713,40
894,06:14:54,2401,"{""track_001"":{""latitude"":35.059764,""longitude"":129.103713},""track_002"":{""latitude"":35.069933,""longitude"":129.111585}}",200,35.069454,129.110713,40
895,06:14:55,2401,"{""track_001"":{""latitude"":35.059764,""longitude"":129.103713},""track_002"":{""latitude"":35.069933,""longitude"":129.111585}}",200,35.069454,129.110713,40
896,06:14:56,2401,"{""track_001"":{""latitude"":35.059764,""longitude"":129.103713},""track_002"":{""latitude"":35.069933,""longitude"":129.111585}}",200,35.069454,129.110713,40
897,06:14:57,2401,"{""track_001"":{""latitude"":35.059764,""longitude"":129.103713},""track_002"":{""latitude"":35.069933,""longitude"":129.111585}}",200,35.069454,129.110713,40
898,06:14:58,2401,"{""track_001"":{""latitude"":35.059764,""longitude"":129.103713},""track_002"":{""latitude"":35.069933,""longitude"":129.111585}}",200,35.069454,129.110713,40
899,06:14:59,2401,"{""track_001"":{""latitude"":35.059764,""longitude"":129.103713},""track_002"":{""latitude"":35.069933,""longitude"":129.111585}}",200,35.069454,129.110713,40
900,06:15:00,2401,"{""track_001"":{""latitude"":35.059764,""longitude"":129.103713},""track_002"":{""latitude"":35.069933,""longitude"":129.111585}}",200,35.069454,129.110713,40
901,06:15:01,2401,"{""track_001"":{""latitude"":35.059764,""longitude"":129.103713},""track_002"":{""latitude"":35.069933,""longitude"":129.111585}}",200,35.069454,129.110713,40
902,06:15:02,2401,"{""track_001"":{""latitude"":35.059764,""longitude"":129.103713},""track_002"":{""latitude"":35.069933,""longitude"":129.111585}}",200,35.069454,129.110713,40
903,06:15:03,2401,"{""track_001"":{""latitude"":35.059764,""longitude"":129.103713},""track_002"":{""latitude"":35.069933,""longitude"":129.111585}}",200,35.069454,129.110713,40
904,06:15:04,2401,"{""track_001"":{""latitude"":35.059764,""longitude"":129.103713},""track_002"":{""latitude"":35.069933,""longitude"":129.111585}}",200,35.069454,129.110713,40
905,06:15:05,2401,"{""track_001"":{""latitude"":35.059764,""longitude"":129.103713},""track_002"":{""latitude"":35.069933,""longitude"":129.111585}}",200,35.069454,129.110713,40
906,06:15:06,2401,"{""track_001"":{""latitude"":35.059764,""longitude"":129.103713},""track_002"":{""latitude"":35.069933,""longitude"":129.111585}}",200,35.069454,129.110713,40
907,06:15:07,2401,"{""track_001"":{""latitude"":35.059764,""longitude"":129.103713},""track_002"":{""latitude"":35.069933,""longitude"":129.111585}}",200,35.069454,129.110713,40
908,06:15:08,2401,"{""track_001"":{""latitude"":35.059764,""longitude"":129.103713},""track_002"":{""latitude"":35.069933,""longitude"":129.111585}}",200,35.069454,129.110713,40
909,06:15:09,2401,"{""track_001"":{""latitude"":35.059764,""longitude"":129.103713},""track_002"":{""latitude"":35.069933,""longitude"":129.111585}}",200,35.069454,129.110713,40
910,06:15:10,2401,"{""track_001"":{""latitude"":35.059764,""longitude"":129.103713},""track_002"":{""latitude"":35.069933,""longitude"":129.111585}}",200,35.069454,129.110713,40
911,06:15:11,2401,"{""track_001"":{""latitude"":35.059764,""longitude"":129.103713},""track_002"":{""latitude"":35.069933,""longitude"":129.111585}}",200,35.069454,129.110713,40
912,06:15:12,2401,"{""track_001"":{""latitude"":35.059764,""longitude"":129.103713},""track_002"":{""latitude"":35.069933,""longitude"":129.111585}}",200,35.069454,129.110713,40
913,06:15:13,2401,"{""track_001"":{""latitude"":35.059764,""longitude"":129.103713},""track_002"":{""latitude"":35.069933,""longitude"":129.111585}}",200,35.069454,129.110713,40
914,06:15:14,2401,"{""track_001"":{""latitude"":35.059764,""longitude"":129.103713},""track_002"":{""latitude"":35.069933,""longitude"":129.111585}}",200,35.069454,129.110713,40
915,06:15:15,2401,"{""track_001"":{""latitude"":35.059764,""longitude"":129.103713},""track_002"":{""latitude"":35.069933,""longitude"":129.111585}}",200,35.069454,129.110713,40
916,06:15:16,2401,"{""track_001"":{""latitude"":35.059764,""longitude"":129.103713},""track_002"":{""latitude"":35.069933,""longitude"":129.111585}}",200,35.069454,129.110713,40
917,06:15:17,2401,"{""track_001"":{""latitude"":35.059764,""longitude"":129.103713},""track_002"":{""latitude"":35.069933,""longitude"":129.111585}}",200,35.069454,129.110713,40
918,06:15:18,2401,"{""track_001"":{""latitude"":35.059764,""longitude"":129.103713},""track_002"":{""latitude"":35.069933,""longitude"":129.111585}}",200,35.069454,129.110713,40
919,06:15:19,2401,"{""track_001"":{""latitude"":35.059764,""longitude"":129.103713},""track_002"":{""latitude"":35.069933,""longitude"":129.111585}}",200,35.069454,129.110713,40
920,06:15:20,2401,"{""track_001"":{""latitude"":35.059764,""longitude"":129.103713},""track_002"":{""latitude"":35.069933,""longitude"":129.111585}}",200,35.069454,129.110713,40
921,06:15:21,2401,"{""track_001"":{""latitude"":35.059764,""longitude"":129.103713},""track_002"":{""latitude"":35.069933,""longitude"":129.111585}}",200,35.069454,129.110713,40
922,06:15:22,2401,"{""track_001"":{""latitude"":35.059764,""longitude"":129.103713},""track_002"":{""latitude"":35.069933,""longitude"":129.111585}}",200,35.069454,129.110713,40
923,06:15:23,2401,"{""track_001"":{""latitude"":35.059764,""longitude"":129.103713},""track_002"":{""latitude"":35.069933,""longitude"":129.111585}}",200,35.069454,129.110713,40
924,06:15:24,2401,"{""track_001"":{""latitude"":35.059764,""longitude"":129.103713},""track_002"":{""latitude"":35.069933,""longitude"":129.111585}}",200,35.069454,129.110713,40
925,06:15:25,2401,"{""track_001"":{""latitude"":35.059764,""longitude"":129.103713},""track_002"":{""latitude"":35.069933,""longitude"":129.111585}}",200,35.069454,129.110713,40
926,06:15:26,2401,"{""track_001"":{""latitude"":35.059764,""longitude"":129.103713},""track_002"":{""latitude"":35.069933,""longitude"":129.111585}}",200,35.069454,129.110713,40
927,06:15:27,2401,"{""track_001"":{""latitude"":35.059764,""longitude"":129.103713},""track_002"":{""latitude"":35.069933,""longitude"":129.111585}}",200,35.069454,129.110713,40
928,06:15:28,2401,"{""track_001"":{""latitude"":35.059764,""longitude"":129.103713},""track_002"":{""latitude"":35.069933,""longitude"":129.111585}}",200,35.069454,129.110713,40
929,06:15:29,2401,"{""track_001"":{""latitude"":35.059764,""longitude"":129.103713},""track_002"":{""latitude"":35.069933,""longitude"":129.111585}}",200,35.069454,129.110713,40
930,06:15:30,2401,"{""track_001"":{""latitude"":35.059764,""longitude"":129.103713},""track_002"":{""latitude"":35.069933,""longitude"":129.111585}}",200,35.069454,129.110713,40
931,06:15:31,2401,"{""track_001"":{""latitude"":35.059764,""longitude"":129.103713},""track_002"":{""latitude"":35.069933,""longitude"":129.111585}}",200,35.069454,129.110713,40
932,06:15:32,2401,"{""track_001"":{""latitude"":35.059764,""longitude"":129.103713},""track_002"":{""latitude"":35.069933,""longitude"":129.111585}}",200,35.069454,129.110713,40
933,06:15:33,2401,"{""track_001"":{""latitude"":35.059764,""longitude"":129.103713},""track_002"":{""latitude"":35.069933,""longitude"":129.111585}}",200,35.069454,129.110713,40
934,06:15:34,2401,"{""track_001"":{""latitude"":35.059764,""longitude"":129.103713},""track_002"":{""latitude"":35.069933,""longitude"":129.111585}}",200,35.069454,129.110713,40
935,06:15:35,2401,"{""track_001"":{""latitude"":35.059764,""longitude"":129.103713},""track_002"":{""latitude"":35.069933,""longitude"":129.111585}}",200,35.069454,129.110713,40
936,06:15:36,2401,"{""track_001"":{""latitude"":35.059764,""longitude"":129.103713},""track_002"":{""latitude"":35.069933,""longitude"":129.111585}}",200,35.069454,129.110713,40
937,06:15:37,2401,"{""track_001"":{""latitude"":35.059764,""longitude"":129.103713},""track_002"":{""latitude"":35.069933,""longitude"":129.111585}}",200,35.069454,129.110713,40
938,06:15:38,2401,"{""track_001"":{""latitude"":35.059764,""longitude"":129.103713},""track_002"":{""latitude"":35.069933,""longitude"":129.111585}}",200,35.069454,129.110713,40
939,06:15:39,2401,"{""track_001"":{""latitude"":35.059764,""longitude"":129.103713},""track_002"":{""latitude"":35.069933,""longitude"":129.111585}}",200,35.069454,129.110713,40
940,06:15:40,2401,"{""track_001"":{""latitude"":35.059764,""longitude"":129.103713},""track_002"":{""latitude"":35.069933,""longitude"":129.111585}}",200,35.069454,129.110713,40
941,06:15:41,2401,"{""track_001"":{""latitude"":35.059764,""longitude"":129.103713},""track_002"":{""latitude"":35.069933,""longitude"":129.111585}}",200,35.069454,129.110713,40
942,06:15:42,2401,"{""track_001"":{""latitude"":35.059764,""longitude"":129.103713},""track_002"":{""latitude"":35.069933,""longitude"":129.111585}}",200,35.069454,129.110713,40
943,06:15:43,2401,"{""track_001"":{""latitude"":35.059764,""longitude"":129.103713},""track_002"":{""latitude"":35.069933,""longitude"":129.111585}}",200,35.069454,129.110713,40
944,06:15:44,2401,"{""track_001"":{""latitude"":35.059764,""longitude"":129.103713},""track_002"":{""latitude"":35.069933,""longitude"":129.111585}}",200,35.069454,129.110713,40
945,06:15:45,2401,"{""track_001"":{""latitude"":35.059764,""longitude"":129.103713},""track_002"":{""latitude"":35.069933,""longitude"":129.111585}}",200,35.069454,129.110713,40
946,06:15:46,2401,"{""track_001"":{""latitude"":35.059764,""longitude"":129.103713},""track_002"":{""latitude"":35.069933,""longitude"":129.111585}}",200,35.069454,129.110713,40
947,06:15:47,2401,"{""track_001"":{""latitude"":35.059764,""longitude"":129.103713},""track_002"":{""latitude"":35.069933,""longitude"":129.111585}}",200,35.069454,129.110713,40
948,06:15:48,2401,"{""track_001"":{""latitude"":35.059764,""longitude"":129.103713},""track_002"":{""latitude"":35.069933,""longitude"":129.111585}}",200,35.069454,129.110713,40
949,06:15:49,2401,"{""track_001"":{""latitude"":35.059764,""longitude"":129.103713},""track_002"":{""latitude"":35.069933,""longitude"":129.111585}}",200,35.069454,129.110713,40
950,06:15:50,2401,"{""track_001"":{""latitude"":35.059764,""longitude"":129.103713},""track_002"":{""latitude"":35.069933,""longitude"":129.111585}}",200,35.069454,129.110713,40
951,06:15:51,2401,"{""track_001"":{""latitude"":35.059764,""longitude"":129.103713},""track_002"":{""latitude"":35.069933,""longitude"":129.111585}}",200,35.069454,129.110713,40
952,06:15:52,2401,"{""track_001"":{""latitude"":35.059764,""longitude"":129.103713},""track_002"":{""latitude"":35.069933,""longitude"":129.111585}}",200,35.069454,129.110713,40
953,06:15:53,2401,"{""track_001"":{""latitude"":35.059764,""longitude"":129.103713},""track_002"":{""latitude"":35.069933,""longitude"":129.111585}}",200,35.069454,129.110713,40
954,06:15:54,2401,"{""track_001"":{""latitude"":35.059764,""longitude"":129.103713},""track_002"":{""latitude"":35.069933,""longitude"":129.111585}}",200,35.069454,129.110713,40
